,Temp
0,-19.221573
1,-18.682959
2,-19.14612
3,-20.255796
4,-22.10706
5,-21.174028
6,-22.109423
7,-23.601166
8,-22.131977
9,-19.926548
10,-16.925867
11,-14.512158
12,-13.538551
13,-13.059681
14,-12.295222
15,-11.677977
16,-11.853371
17,-12.254277
18,-12.822827
19,-13.429604
20,-14.427876
21,-15.165451
22,-15.909186
23,-14.767979
24,-15.826282
25,-17.034723
26,-17.315666
27,-16.29782
28,-17.696064
29,-17.686253
30,-17.401373
31,-17.50471
32,-17.657698
33,-14.966778
34,-13.456507
35,-6.9330926
36,-5.586684
37,-4.784331
38,-4.236406
39,-4.009907
40,-3.6181257
41,-3.5002744
42,-3.485018
43,-3.6611674
44,-3.7073185
45,-3.7588313
46,-4.011523
47,-4.151534
48,-3.9654875
49,-3.9914913
50,-4.7414536
51,-4.9269204
52,-4.679479
53,-4.523309
54,-3.9150727
55,-4.06002
56,-4.0950594
57,-4.4303946
58,-4.29019
59,-4.0006037
60,-4.2478733
61,-4.0503387
62,-3.9390647
63,-3.6178076
64,-3.2146573
65,-3.138937
66,-2.9943774
67,-2.675458
68,-2.6586628
69,-3.0411358
70,-2.5773742
71,-2.3069649
72,-2.5608954
73,-2.6199908
74,-4.6222906
75,-4.777079
76,-5.107927
77,-5.6176186
78,-5.8481836
79,-5.8377647
80,-6.0101743
81,-5.8314557
82,-5.797311
83,-5.5665536
84,-5.307829
85,-5.0635376
86,-5.1716557
87,-5.630664
88,-6.4307823
89,-7.589497
90,-9.022686
91,-9.982807
92,-10.750242
93,-11.324938
94,-12.1080065
95,-12.428832
96,-12.882885
97,-13.852531
98,-14.495958
99,-14.922252
100,-14.881953
101,-14.920395
102,-15.38101
103,-15.71645
104,-16.438473
105,-16.36328
106,-16.277328
107,-15.767355
108,-15.445189
109,-14.873226
110,-14.066943
111,-13.768341
112,-13.749397
113,-14.190225
114,-14.679581
115,-14.82059
116,-15.240797
117,-15.555815
118,-16.061468
119,-16.265331
120,-16.55686
121,-16.93595
122,-17.28736
123,-17.605001
124,-17.779993
125,-18.643362
126,-18.776062
127,-18.848999
128,-18.847916
129,-18.334702
130,-17.88713
131,-16.742727
132,-15.696135
133,-14.886732
134,-14.063493
135,-13.498117
136,-13.36013
137,-13.369721
138,-14.378568
139,-15.102751
140,-15.47001
141,-15.821404
142,-16.22715
143,-16.890463
144,-17.468891
145,-18.061323
146,-17.49552
147,-18.40739
148,-19.52179
149,-20.83066
150,-21.059015
151,-22.096025
152,-22.155197
153,-18.317797
154,-13.066399
155,-8.196279
156,-7.5188513
157,-6.5940022
158,-6.670212
159,-6.070996
160,-5.5275545
161,-5.294382
162,-4.449763
163,-3.1728435
164,-2.6775346
165,-2.011365
166,-2.1857145
167,-1.1034716
168,-0.5548125
169,-0.45450413
170,-0.30067563
171,-0.09366192
172,-0.61026657
173,0.124803856
174,0.68260753
175,0.7323059
176,0.7469127
177,0.028623268
178,-0.17100446
179,0.059225783
180,0.72399205
181,2.0432923
182,2.093477
183,2.007217
184,2.4642346
185,2.8053877
186,2.694483
187,2.690616
188,2.7965868
189,2.6311624
190,2.277226
191,2.2396038
192,2.2067847
193,2.457559
194,2.1721818
195,2.066615
196,1.9405526
197,1.6247334
198,0.7855945
199,0.30744576
200,-0.40388182
201,-0.10625787
202,0.82572305
203,0.73528403
204,1.1171476
205,1.3403553
206,1.2636799
207,1.4416646
208,1.2131096
209,0.9321853
210,0.23686506
211,-0.64417386
212,-1.6667137
213,-2.3562055
214,-3.001037
215,-4.2102656
216,-5.490591
217,-6.614727
218,-8.161003
219,-8.85733
220,-10.053138
221,-9.420089
222,-7.3447657
223,-5.665449
224,-4.504011
225,-3.6794832
226,-0.7373204
227,-0.13205417
228,0.5223476
229,1.0058811
230,1.1856533
231,1.6990349
232,2.198868
233,2.449151
234,2.5385008
235,2.6254206
236,2.7149746
237,2.788885
238,3.012394
239,3.6001058
240,3.4104128
241,3.5223331
242,3.7213805
243,3.7233207
244,4.3716164
245,3.9139845
246,4.2258577
247,4.411854
248,3.4410002
249,3.64939
250,4.0800133
251,3.9583368
252,3.8833878
253,4.5769506
254,4.752635
255,5.358947
256,4.9542394
257,4.9862747
258,4.942575
259,5.1378055
260,5.865258
261,4.6508045
262,5.8694835
263,6.356654
264,5.7585993
265,5.8513875
266,5.0999336
267,5.801738
268,5.260692
269,5.629532
270,5.670865
271,6.504872
272,6.6798425
273,6.9429607
274,6.762715
275,6.7366133
276,6.6419196
277,9.060872
278,9.546232
279,3.3700624
280,2.0305676
281,0.24559803
282,-2.2600796
283,-4.212094
284,-5.50086
285,-6.361431
286,-6.6962385
287,-7.252521
288,-7.6965613
289,-8.075947
290,-8.350066
291,-8.90106
292,-9.170927
293,-9.546177
294,-9.57395
295,-10.144296
296,-10.366598
297,-10.746341
298,-10.769629
299,-10.656518
300,-10.658846
301,-10.887078
302,-10.300165
303,-10.196296
304,-9.886582
305,-10.679369
306,-11.3254795
307,-11.971724
308,-11.618492
309,-13.051336
310,-13.251276
311,-14.6320915
312,-14.825559
313,-16.003716
314,-15.667765
315,-15.882444
316,-16.770798
317,-16.621696
318,-16.394695
319,-17.149635
320,-16.680088
321,-16.114555
322,-13.57561
323,-11.941652
324,-11.6548395
325,-9.865356
326,-11.720523
327,-11.041794
328,-11.204168
329,-12.096649
330,-12.3418
331,-12.448158
332,-13.117623
333,-13.366003
334,-13.523091
335,-13.717121
336,-13.774961
337,-14.106789
338,-14.11942
339,-13.832205
340,-14.197511
341,-14.183006
342,-14.372378
343,-14.332464
344,-14.4532795
345,-13.63357
346,-13.088349
347,-12.263077
348,-11.57989
349,-11.086477
350,-10.504999
351,-10.171819
352,-10.095581
353,-9.953855
354,-9.976136
355,-10.535139
356,-10.698673
357,-10.63228
358,-10.74165
359,-11.045126
360,-11.007537
361,-10.951943
362,-10.985313
363,-10.918022
364,-10.642814
365,-10.423437
366,-10.100527
367,-9.667979
368,-9.875857
369,-9.319285
370,-8.740541
371,-8.101555
372,-7.7062445
373,-6.7096133
374,-6.14252
375,-5.611921
376,-6.5389376
377,-7.097107
378,-7.4193687
379,-8.139492
380,-7.6187754
381,-9.522134
382,-9.365008
383,-8.112182
384,-8.252557
385,-8.715291
386,-8.493775
387,-7.8680515
388,-7.599282
389,-7.2879143
390,-6.9458723
391,-6.5305324
392,-6.833995
393,-6.833206
394,-6.236497
395,-5.9136305
396,-5.23644
397,-4.7332873
398,-4.4961915
399,-6.468033
400,-4.8596935
401,-5.7913094
402,-4.289721
403,-4.485398
404,-2.8421566
405,-2.908065
406,-2.6460247
407,-2.168079
408,-1.9208763
409,-1.8550605
410,-1.8044343
411,-1.8872607
412,-2.175466
413,-2.093091
414,-2.383439
415,-2.8372912
416,-3.0305448
417,-2.955283
418,-2.7755184
419,-2.5901618
420,-2.5786605
421,-2.6642714
422,-2.5699725
423,-2.2132804
424,-2.327186
425,-2.3366442
426,-2.0610447
427,-1.8859863
428,-2.1525679
429,-2.5360475
430,-2.330221
431,-2.206294
432,-1.2248574
433,-1.1213557
434,-0.81161016
435,-0.50828433
436,-0.5304318
437,-0.7557004
438,-0.857433
439,-1.0033824
440,-1.121578
441,-1.000202
442,-0.40189797
443,0.14569513
444,0.27495003
445,0.8112707
446,0.79587036
447,1.0226328
448,0.9820267
449,0.9715167
450,0.95099187
451,1.2472858
452,0.98866826
453,1.4722786
454,1.4278474
455,2.147388
456,2.0109844
457,2.2603073
458,2.4350188
459,3.5318587
460,3.602498
461,3.4901164
462,3.142576
463,3.1092315
464,3.242192
465,3.2908788
466,3.4155746
467,3.6648088
468,3.759506
469,3.8586638
470,3.8950481
471,3.8320556
472,3.6316295
473,3.375181
474,3.3043144
475,3.0946777
476,3.0302799
477,3.028099
478,2.884375
479,3.50721
480,2.847763
481,2.9805253
482,2.478499
483,2.8103127
484,1.936636
485,1.8220065
486,1.8560362
487,1.7942662
488,1.8735967
489,1.9428891
490,2.6753955
491,2.0964031
492,2.4481916
493,2.32027
494,2.471677
495,2.5987995
496,2.454595
497,2.5463443
498,2.3252969
499,2.3749568
500,2.4078197
501,1.9791343
502,1.3808968
503,2.309872
504,2.5098143
505,2.4416294
506,2.330233
507,1.9464451
508,1.662216
509,1.4949706
510,1.002708
511,0.42299306
512,-0.32448763
513,-0.49303347
514,-0.93181914
515,-1.2153509
516,-1.2442454
517,-1.6609492
518,-1.4709961
519,-1.5212876
520,-2.002149
521,-1.9111729
522,-1.9230094
523,-1.9770155
524,-1.9872341
525,-2.0824018
526,-2.1436734
527,-2.031568
528,-1.7891989
529,-1.4558539
530,-1.2701905
531,-0.31916493
532,1.5442854
533,2.1660993
534,2.063562
535,3.8690307
536,3.8946416
537,3.5774698
538,3.8417
539,3.6778698
540,4.151613
541,3.8111634
542,3.917794
543,5.598181
544,4.659625
545,4.31791
546,3.9363453
547,3.69396
548,3.0779145
549,2.621423
550,-0.24211735
551,-1.1058073
552,-1.6130867
553,-2.027562
554,-2.2292461
555,-3.222117
556,-4.8642426
557,-6.021392
558,-6.632148
559,-6.9744043
560,-7.2966805
561,-7.413045
562,-7.244547
563,-6.9617214
564,-6.4551306
565,-5.5769978
566,-5.1311817
567,-4.249471
568,-3.3112683
569,-4.458186
570,-4.8995595
571,-6.0499043
572,-6.47985
573,-5.8728104
574,-6.800853
575,-7.733813
576,-8.205627
577,-9.264826
578,-9.498713
579,-9.978493
580,-10.36303
581,-10.3978
582,-11.037704
583,-10.8934765
584,-10.297676
585,-9.197657
586,-8.422127
587,-8.190233
588,-7.3462677
589,-6.906398
590,-6.5089254
591,-6.445866
592,-6.2821426
593,-6.214953
594,-6.454711
595,-6.3991394
596,-7.070084
597,-8.206374
598,-9.251134
599,-9.585068
600,-9.688157
601,-10.006036
602,-8.940744
603,-7.495387
604,-6.528327
605,-6.0669656
606,-4.9164886
607,-4.7331223
608,-4.7707443
609,-4.0918374
610,-3.055272
611,-1.6829548
612,-0.6217029
613,0.6004926
614,1.3266637
615,1.4113865
616,1.4505234
617,0.7045444
618,0.30426985
619,1.1603961
620,0.17274536
621,0.5937714
622,1.4910891
623,1.633909
624,1.7156994
625,1.7162722
626,1.625095
627,1.6475818
628,2.318739
629,2.2532883
630,2.395457
631,2.2682505
632,2.608139
633,3.47065
634,4.031881
635,4.5455604
636,4.790936
637,4.9063587
638,5.0059853
639,4.232672
640,4.970253
641,5.4558334
642,5.383653
643,5.2118626
644,5.1402802
645,5.342677
646,5.3660755
647,4.737474
648,4.950384
649,4.2106314
650,2.6741538
651,2.389256
652,1.3778331
653,1.4310744
654,0.97556853
655,-0.016684905
656,0.24244301
657,2.180823
658,3.3975127
659,3.9136279
660,4.1203003
661,4.770111
662,4.8726263
663,4.6279325
664,3.6268277
665,3.4004002
666,3.4258258
667,3.1683998
668,2.5055714
669,1.574218
670,1.3809663
671,0.7464159
672,-0.20438023
673,-0.8635729
674,-1.474433
675,-1.8913665
676,-2.3556867
677,-2.8814723
678,-3.4154239
679,-3.8347113
680,-4.51995
681,-4.327385
682,-3.9492946
683,-3.2580805
684,-2.9018507
685,-2.5493028
686,-2.2884831
687,-2.1872487
688,-2.1905556
689,-2.8414235
690,-4.059027
691,-4.688734
692,-4.699422
693,-5.014927
694,-5.706196
695,-6.015318
696,-6.1155553
697,-5.7755737
698,-5.54043
699,-5.881951
700,-6.3063617
701,-6.6330886
702,-6.885326
703,-7.0018473
704,-7.2783656
705,-7.3544955
706,-7.5470376
707,-7.354451
708,-7.0911164
709,-6.8424034
710,-6.478744
711,-6.1200323
712,-6.158349
713,-6.4168553
714,-6.9186897
715,-7.5532227
716,-8.916724
717,-9.747541
718,-10.111808
719,-11.73523
720,-11.773228
721,-13.063156
722,-12.976279
723,-12.952266
724,-14.165413
725,-14.866004
726,-15.75818
727,-16.160357
728,-14.901439
729,-11.647638
730,-11.138019
731,-9.342396
732,-4.9954066
733,-4.9078736
734,-4.5185895
735,-4.334335
736,-3.3190289
737,-2.0539079
738,-0.652821
739,0.07457815
740,1.0678877
741,1.4726669
742,1.4446828
743,1.5759504
744,1.2900236
745,1.4494452
746,1.4719945
747,0.946384
748,1.5587144
749,1.5974102
750,1.757825
751,1.7602692
752,1.894446
753,1.9367397
754,2.0937772
755,2.4219284
756,2.562673
757,2.823091
758,3.021412
759,3.9819655
760,3.7608483
761,3.8353257
762,2.6406584
763,0.8877767
764,-0.77110314
765,-1.9215665
766,-3.8583245
767,-5.1395864
768,-6.119642
769,-6.8448553
770,-7.5719385
771,-8.44022
772,-8.643955
773,-9.572999
774,-9.985574
775,-10.721894
776,-11.160279
777,-11.174786
778,-11.341406
779,-11.3797865
780,-10.84921
781,-10.27074
782,-9.548076
783,-9.425581
784,-9.32657
785,-9.304937
786,-10.044522
787,-10.426722
788,-10.7689705
789,-11.040981
790,-11.1026535
791,-10.8659
792,-10.416056
793,-10.591505
794,-10.090804
795,-10.198351
796,-8.69531
797,-8.835527
798,-7.7341146
799,-7.5496397
800,-6.4768434
801,-6.1113286
802,-5.4656243
803,-4.3232636
804,-2.716099
805,-2.3691251
806,-2.2383213
807,-3.72786
808,-3.7505407
809,-2.9201727
810,-2.7581775
811,-2.5848675
812,-2.4220383
813,-1.7679584
814,-1.3874111
815,-1.2373092
816,-0.8871669
817,-0.47321492
818,1.1792935
819,1.044955
820,1.5944614
821,1.5116181
822,1.8578959
823,0.7436874
824,0.8290381
825,1.0595732
826,1.1408182
827,1.3061082
828,1.1521833
829,1.2573421
830,1.4701443
831,1.3520756
832,1.3591695
833,1.4199692
834,1.4889437
835,1.7054588
836,1.756707
837,1.6920406
838,1.8276992
839,1.9097137
840,2.0407283
841,-1.494901
842,-4.5348487
843,-5.7876544
844,-6.52502
845,-7.194739
846,-8.342744
847,-9.676045
848,-10.707153
849,-10.607461
850,-9.969584
851,-9.146774
852,-8.65717
853,-7.7684193
854,-7.1077275
855,-6.2130265
856,-6.3338
857,-6.024366
858,-5.5335426
859,-5.0612187
860,-4.903056
861,-4.7677717
862,-5.5865054
863,-6.307883
864,-6.6129594
865,-6.6832924
866,-6.607071
867,-6.0468636
868,-5.6423373
869,-5.728244
870,-5.649864
871,-5.861327
872,-5.877319
873,-5.70452
874,-5.6604056
875,-3.8639684
876,-2.9651377
877,-2.6135135
878,-2.6416352
879,-2.620242
880,-3.2058752
881,-3.9698534
882,-5.107679
883,-5.857706
884,-6.661765
885,-7.9375367
886,-9.012636
887,-9.299284
888,-10.029925
889,-8.737413
890,-8.863805
891,-7.690186
892,-7.5953197
893,-6.8005795
894,-6.6695623
895,-6.603525
896,-6.214416
897,-5.7215996
898,-5.276703
899,-4.8580995
900,-4.363082
901,-4.427274
902,-4.0959096
903,-4.152555
904,-4.242872
905,-4.9486504
906,-5.3200893
907,-6.6533117
908,-7.490094
909,-8.451533
910,-7.7639575
911,-11.173527
912,-13.193173
913,-12.033548
914,-10.465641
915,-11.462242
916,-12.962063
917,-13.124702
918,-12.798194
919,-14.885697
920,-12.678529
921,-11.85144
922,-11.567175
923,-11.884929
924,-8.712677
925,-8.585189
926,-7.5263577
927,-6.535899
928,-5.2058196
929,-4.6264634
930,-4.54307
931,-5.6042156
932,-6.3697333
933,-7.421947
934,-8.3184395
935,-9.00893
936,-7.667202
937,-9.926589
938,-9.5428
939,-8.986031
940,-9.690807
941,-9.793002
942,-9.671562
943,-9.395309
944,-8.45936
945,-7.9095488
946,-6.58889
947,-6.128723
948,-4.988156
949,-4.9394174
950,-4.652012
951,-3.8425999
952,-3.794758
953,-3.8611748
954,-4.2978897
955,-3.8401225
956,-4.174829
957,-3.988631
958,-3.9187322
959,-3.9206061
960,-3.2657099
961,-2.6928835
962,-1.7289064
963,-2.020649
964,-2.6454332
965,-2.609055
966,-3.0279589
967,-3.5142732
968,-3.532548
969,-3.3824732
970,-3.0616703
971,-2.7267776
972,-2.6858625
973,-2.702162
974,-2.553301
975,-2.5049105
976,-2.5261974
977,-2.544879
978,-2.9820147
979,-3.2441137
980,-3.6858058
981,-3.496134
982,-3.6190178
983,-3.603768
984,-3.7455764
985,-4.064558
986,-4.6590014
987,-4.3148627
988,-4.195374
989,-4.2951283
990,-4.5085897
991,-4.9063964
992,-4.9159636
993,-4.326028
994,-3.772867
995,-2.9102464
996,-2.4418979
997,-1.9313583
998,-1.0917742
999,-0.6872364
1000,-0.21313213
1001,0.36956644
1002,1.2362682
1003,1.2452517
1004,1.8957447
1005,1.6381913
1006,0.86169934
1007,-0.33859855
1008,-1.3893881
1009,-1.8885639
1010,-2.1357107
1011,-2.854651
1012,-4.1465707
1013,-4.453147
1014,-4.2403655
1015,-3.2508235
1016,-3.5162
1017,-2.1128023
1018,-1.1058769
1019,-0.9196576
1020,-1.4657948
1021,-1.8176401
1022,-1.2365237
1023,-1.3323432
1024,-1.7682133
1025,-2.893015
1026,-3.8318114
1027,-5.731013
1028,-6.020798
1029,-6.680154
1030,-7.2180834
1031,-7.63122
1032,-8.160171
1033,-11.080867
1034,-10.720327
1035,-10.3822365
1036,-12.513509
1037,-13.075598
1038,-13.63106
1039,-13.773955
1040,-13.350615
1041,-10.702288
1042,-9.429906
1043,-8.718771
1044,-7.534127
1045,-7.0370345
1046,-6.0957284
1047,-5.0231514
1048,-4.77616
1049,-4.705061
1050,-4.8667984
1051,-4.8297377
1052,-5.4834266
1053,-5.1473575
1054,-6.053806
1055,-6.8211308
1056,-7.55784
1057,-4.0018716
1058,-2.4818242
1059,-1.8725655
1060,-0.37307388
1061,1.5076437
1062,2.1451566
1063,2.9275975
1064,2.8457305
1065,2.7224665
1066,3.1276164
1067,3.4787498
1068,3.8022418
1069,3.739526
1070,3.8483288
1071,4.1135807
1072,3.8488398
1073,3.5687737
1074,3.0523036
1075,2.958422
1076,1.5466505
1077,0.5273647
1078,1.8319153
1079,1.6184531
1080,2.1252964
1081,1.2883806
1082,0.88400966
1083,2.0778177
1084,2.4813848
1085,2.1113205
1086,2.3669944
1087,2.278966
1088,2.412156
1089,2.8635285
1090,4.9462147
1091,5.255177
1092,6.10457
1093,5.772998
1094,5.8911123
1095,6.38109
1096,6.423937
1097,5.5745354
1098,6.265566
1099,3.7263494
1100,3.3897972
1101,2.204734
1102,1.6645306
1103,1.8051126
1104,1.9479821
1105,2.4822948
1106,1.7375741
1107,2.6366682
1108,2.2438548
1109,2.2497919
1110,1.9312513
1111,1.567447
1112,1.3026152
1113,2.0412195
1114,2.7516603
1115,2.6034687
1116,2.1416068
1117,2.484331
1118,3.024627
1119,2.280882
1120,1.981324
1121,1.3759363
1122,-0.82400805
1123,-1.3570621
1124,-1.5548668
1125,-2.3909388
1126,-4.006417
1127,-4.851206
1128,-5.729337
1129,-6.4295673
1130,-6.511101
1131,-6.0597157
1132,-6.817153
1133,-7.4641533
1134,-8.987424
1135,-8.69872
1136,-5.4337506
1137,-3.4665515
1138,-2.5226674
1139,-0.61458045
1140,-0.6195224
1141,-0.6376972
1142,-0.5694827
1143,-0.40114954
1144,-0.3882954
1145,-0.4966178
1146,-0.86671925
1147,-0.9758913
1148,-1.252382
1149,-1.4428663
1150,-1.2509048
1151,-1.0533818
1152,-0.5942043
1153,-0.6615654
1154,-0.7433096
1155,-0.45300865
1156,-0.5375216
1157,-1.0146638
1158,-1.5767658
1159,-1.4564703
1160,-0.43295926
1161,0.47736025
1162,1.6767099
1163,2.22751
1164,2.8003907
1165,3.7458096
1166,3.358381
1167,3.346615
1168,2.9699478
1169,2.1972477
1170,1.542598
1171,1.5150847
1172,1.1786319
1173,-0.13503365
1174,-0.18034153
1175,-0.43659455
1176,-0.37921005
1177,-0.2878601
1178,-0.4433982
1179,-0.8134947
1180,-1.2560346
1181,0.26202148
1182,0.3056333
1183,1.1369684
1184,1.7416524
1185,2.4068227
1186,3.108888
1187,3.579568
1188,3.72879
1189,3.8407419
1190,3.6950147
1191,3.5010734
1192,2.8138323
1193,3.1050918
1194,3.0956278
1195,3.2271745
1196,3.603839
1197,3.4020038
1198,3.4404457
1199,3.9537623
1200,4.578317
1201,4.481504
1202,4.480037
1203,4.4860773
1204,4.62646
1205,4.776967
1206,4.2388163
1207,4.2366915
1208,4.337464
1209,5.508026
1210,6.645841
1211,6.1664505
1212,5.7945805
1213,5.9038916
1214,6.7133327
1215,6.683559
1216,6.4576807
1217,6.7986383
1218,6.676031
1219,6.799541
1220,7.7913666
1221,7.280324
1222,6.0590553
1223,6.578631
1224,7.098586
1225,6.654051
1226,7.4905343
1227,7.721781
1228,9.280688
1229,8.38278
1230,7.4449515
1231,9.090603
1232,9.308185
1233,11.292246
1234,10.218935
1235,9.025945
1236,8.815748
1237,8.26615
1238,7.079585
1239,6.316709
1240,6.0805626
1241,4.5229654
1242,3.41115
1243,2.7420928
1244,2.7750502
1245,2.7295232
1246,1.6598922
1247,2.1083853
1248,1.3193192
1249,1.2913078
1250,1.367183
1251,0.9501729
1252,0.7073238
1253,-0.23496032
1254,-0.10595389
1255,-0.42478824
1256,-0.6004784
1257,-0.60206616
1258,-0.26938343
1259,-0.23841746
1260,0.41121656
1261,0.34250474
1262,0.1915773
1263,0.29396898
1264,0.6588832
1265,0.4509828
1266,-0.09393357
1267,-0.9542977
1268,-1.3478718
1269,-1.9595311
1270,-2.0495603
1271,-2.430234
1272,-2.4212203
1273,-2.7772765
1274,-3.2444475
1275,-3.1108298
1276,-3.1017938
1277,-2.917287
1278,-3.1957629
1279,-3.0119905
1280,-2.261994
1281,-1.1847602
1282,-0.24171911
1283,0.8217976
1284,2.577417
1285,2.472063
1286,2.4991498
1287,2.3380914
1288,2.4150248
1289,2.43806
1290,2.5708404
1291,2.6608357
1292,3.6735
1293,3.9489741
1294,4.3839784
1295,4.127096
1296,4.692845
1297,3.7163963
1298,4.322933
1299,3.9985967
1300,4.5404797
1301,3.5894167
1302,2.6107726
1303,2.5437126
1304,3.0605743
1305,3.8995333
1306,4.578295
1307,4.532506
1308,4.669758
1309,5.4805326
1310,5.9621916
1311,5.0249863
1312,5.0611925
1313,4.316837
1314,3.635326
1315,2.76013
1316,1.8453481
1317,1.3630414
1318,1.1107559
1319,1.0774938
1320,1.0563619
1321,0.9756606
1322,0.9876115
1323,1.0220907
1324,1.0284933
1325,1.6407456
1326,1.7972647
1327,1.8276112
1328,1.8906659
1329,3.5985842
1330,3.9018054
1331,3.7472012
1332,4.1078763
1333,4.3581243
1334,4.1850905
1335,3.8198302
1336,4.3261776
1337,4.6869583
1338,4.858128
1339,4.4848156
1340,4.1233854
1341,3.9901505
1342,3.3646498
1343,3.4156287
1344,3.1983395
1345,3.3421826
1346,2.710183
1347,2.645349
1348,2.5695417
1349,2.0991898
1350,1.8582366
1351,1.7821735
1352,2.4497235
1353,3.7399137
1354,4.621597
1355,5.563205
1356,5.505396
1357,5.9949646
1358,6.661008
1359,6.2559466
1360,6.1982083
1361,4.7080956
1362,3.3849225
1363,3.263495
1364,2.3568537
1365,2.379422
1366,1.5971059
1367,0.9746463
1368,1.7854295
1369,0.7671616
1370,0.20340897
1371,-0.12976937
1372,-2.0968738
1373,-2.0035868
1374,-2.0288386
1375,-1.6087267
1376,0.75014436
1377,2.1031733
1378,2.3964574
1379,3.0600355
1380,3.5514305
1381,5.4774723
1382,6.259668
1383,4.768471
1384,8.635003
1385,4.8585434
1386,2.605963
1387,2.6385472
1388,4.6844153
1389,4.9547043
1390,3.872398
1391,5.139673
1392,4.3517466
1393,4.4522176
1394,4.016977
1395,2.9718497
1396,2.7391217
1397,2.1644545
1398,2.9327962
1399,2.5994453
1400,2.9896517
1401,4.333549
1402,5.4074907
1403,6.436867
1404,6.586396
1405,7.5604777
1406,7.8865
1407,8.123454
1408,8.838588
1409,8.840843
1410,7.523883
1411,7.2539573
1412,6.126139
1413,6.074332
1414,6.2330146
1415,4.194217
1416,3.1699166
1417,2.5690174
1418,1.8367126
1419,2.1849232
1420,2.2366018
1421,0.99344486
1422,1.7477036
1423,1.3312497
1424,2.0393708
1425,2.5188148
1426,3.7564948
1427,4.550925
1428,5.179071
1429,5.651047
1430,6.197029
1431,6.0715656
1432,6.1902714
1433,5.5824227
1434,4.9562507
1435,4.1360726
1436,3.1247032
1437,2.47644
1438,1.8130122
1439,1.4677951
1440,1.0136476
1441,0.7989108
1442,0.5598179
1443,0.18837683
1444,0.099406466
1445,0.3748933
1446,0.25241697
1447,0.26049292
1448,0.4101711
1449,0.3880682
1450,0.061963275
1451,0.19991733
1452,0.21755524
1453,0.36202317
1454,0.121974126
1455,-0.01509212
1456,0.30465698
1457,1.063797
1458,0.3504113
1459,-0.5230274
1460,-0.5332261
1461,-0.2784955
1462,-0.51547533
1463,-0.1358641
1464,0.08657731
1465,0.02425678
1466,0.08511223
1467,-0.20011805
1468,-0.17529368
1469,-0.023232624
1470,0.0558839
1471,-0.1989337
1472,0.29285437
1473,0.9353634
1474,1.3560438
1475,1.9242145
1476,2.8906033
1477,3.0757399
1478,4.015326
1479,3.5713038
1480,3.7141185
1481,4.067487
1482,3.839355
1483,3.5388994
1484,3.4652593
1485,2.7809405
1486,2.3739827
1487,1.8710607
1488,1.763998
1489,0.9306512
1490,0.82838947
1491,0.6181648
1492,0.07553764
1493,-0.33766016
1494,-1.2466567
1495,-2.0862925
1496,-1.3589725
1497,-0.5275888
1498,0.46113902
1499,1.3139111
1500,2.0048974
1501,2.389649
1502,2.8763165
1503,2.6624594
1504,2.5640135
1505,2.2417698
1506,1.956903
1507,1.3543382
1508,1.1840215
1509,-0.09599902
1510,0.24761833
1511,-0.2687256
1512,-0.074859336
1513,-0.5855202
1514,-0.69944596
1515,-1.1094167
1516,-1.3639007
1517,-1.6248244
1518,-1.797987
1519,-1.7084801
1520,-1.6101223
1521,-0.9316423
1522,-0.67440754
1523,-0.24369396
1524,0.3423009
1525,1.0667987
1526,1.6709163
1527,2.5515652
1528,2.2920542
1529,2.0771468
1530,2.0103564
1531,1.6307205
1532,1.6687049
1533,0.9397831
1534,1.0478565
1535,0.84636307
1536,0.6244215
1537,0.19046687
1538,0.485461
1539,0.37934846
1540,0.37646496
1541,0.37517822
1542,0.25711572
1543,0.034709796
1544,0.33972615
1545,1.2116095
1546,1.971921
1547,1.8852425
1548,1.880785
1549,3.2114723
1550,3.9806762
1551,3.4831667
1552,3.6980186
1553,3.945614
1554,3.400059
1555,2.5286093
1556,2.208564
1557,1.7969108
1558,1.4837455
1559,1.080922
1560,1.3524482
1561,1.4797058
1562,1.7058692
1563,1.7884607
1564,1.9010284
1565,2.375785
1566,2.2961795
1567,2.2228506
1568,2.2331805
1569,2.2062743
1570,2.1200883
1571,2.0732596
1572,2.0056129
1573,2.17705
1574,2.1710064
1575,2.2399762
1576,2.1571884
1577,2.4320326
1578,2.213276
1579,2.071022
1580,1.4301453
1581,1.6117194
1582,1.3756707
1583,1.2363557
1584,1.1513915
1585,0.9471706
1586,0.7268447
1587,0.82721406
1588,0.60632324
1589,0.6058211
1590,0.4356531
1591,0.60734993
1592,0.5440218
1593,0.38141793
1594,0.6398278
1595,0.7238501
1596,0.84775186
1597,0.5204036
1598,0.41704214
1599,0.3604325
1600,0.16845904
1601,-0.10640763
1602,-0.089065656
1603,-0.38618022
1604,-0.9146107
1605,-1.1626182
1606,-1.3224027
1607,-1.1982464
1608,-1.3792644
1609,-1.3123837
1610,-1.4162147
1611,-1.4104235
1612,-1.4378812
1613,-1.1153786
1614,-0.92856044
1615,-0.7934893
1616,-0.42230004
1617,0.6076861
1618,1.2866249
1619,1.5396609
1620,0.74016726
1621,1.4271405
1622,1.2321243
1623,1.4733377
1624,0.525653
1625,0.760543
1626,0.6132156
1627,0.22233285
1628,0.23487113
1629,-0.10291569
1630,-0.7984937
1631,-1.0984817
1632,-1.2453719
1633,-1.0386631
1634,-1.2350359
1635,-1.3816931
1636,-1.2428216
1637,-1.3092742
1638,-0.7635149
1639,-0.928432
1640,-0.8301351
1641,-0.078409836
1642,0.78669435
1643,1.3970699
1644,1.7334237
1645,2.2373667
1646,2.3671556
1647,2.143653
1648,2.426003
1649,2.1422677
1650,1.9110873
1651,1.269553
1652,0.8772326
1653,0.68220025
1654,0.23993172
1655,-0.29006958
1656,-0.15708022
1657,-0.2530033
1658,-0.35561606
1659,-0.35738117
1660,-0.5521708
1661,-0.8887451
1662,-0.99117136
1663,-1.3148528
1664,-2.320902
1665,-1.2856266
1666,-0.6219148
1667,-0.003868118
1668,0.60607517
1669,1.342659
1670,1.0800811
1671,0.88232034
1672,0.69857514
1673,0.35442954
1674,0.3676722
1675,-0.104571655
1676,-0.8286079
1677,-0.53663665
1678,-0.6059507
1679,0.13564385
1680,0.53162223
1681,0.11900477
1682,-0.41703397
1683,0.033255592
1684,-0.7899431
1685,-2.7731574
1686,-1.1187139
1687,0.27566904
1688,0.23577698
1689,0.25195038
1690,0.51361537
1691,0.80213463
1692,1.372397
1693,2.1335025
1694,2.3471484
1695,3.2456384
1696,3.5106423
1697,2.650929
1698,2.4823031
1699,2.2724495
1700,1.9203153
1701,1.1624964
1702,0.64265573
1703,0.31328893
1704,0.19576438
1705,0.18597238
1706,0.28507406
1707,0.00844188
1708,0.11012904
1709,-0.32249585
1710,-0.4296077
1711,-0.7000852
1712,0.055267885
1713,0.7223507
1714,1.1433902
1715,1.4012611
1716,1.3697278
1717,1.5868461
1718,1.5844152
1719,1.6743077
1720,1.3595915
1721,0.75053936
1722,0.6411419
1723,0.15426688
1724,-0.037809834
1725,-0.64497316
1726,-0.85455203
1727,-0.9833261
1728,-0.88202184
1729,-0.7745003
1730,-0.7708377
1731,-0.59564614
1732,-0.60105973
1733,-0.48694456
1734,-0.5794432
1735,-0.70589685
1736,-0.42560196
1737,0.056808516
1738,0.50424105
1739,0.44743812
1740,0.4919752
1741,0.5146893
1742,0.46999133
1743,0.66381925
1744,0.69691545
1745,0.6083166
1746,0.36194032
1747,0.21263473
1748,0.0801339
1749,0.1702603
1750,-0.031803176
1751,-0.20782053
1752,-0.44283932
1753,-0.6502029
1754,-1.0886577
1755,-1.0192063
1756,-1.2179204
1757,-1.4013803
1758,-1.4381272
1759,-1.8306634
1760,-2.0137608
1761,-0.40825373
1762,0.58586264
1763,1.7064494
1764,2.6037552
1765,2.9620912
1766,3.3837345
1767,3.3860981
1768,3.5412598
1769,3.5585694
1770,3.1295288
1771,2.0341642
1772,2.1165147
1773,1.22381
1774,0.41744494
1775,-0.61737573
1776,-1.5061984
1777,-2.0210824
1778,-2.4747298
1779,-3.1747584
1780,-4.4275556
1781,-4.841328
1782,-5.3819795
1783,-5.937845
1784,-5.6690083
1785,-5.694635
1786,-4.933345
1787,-3.9469554
1788,-2.3274324
1789,-1.3531587
1790,0.28373682
1791,0.9380025
1792,0.96808577
1793,0.68557745
1794,-0.25105274
1795,-1.2537587
1796,-2.3187783
1797,-2.8605394
1798,-3.3968744
1799,-3.5397267
1800,-2.7813017
1801,-1.9558837
1802,-1.6195607
1803,-1.464248
1804,-1.4796239
1805,-1.8091452
1806,-2.3638973
1807,-2.509049
1808,-1.1301141
1809,0.0478407
1810,-0.24657644
1811,-0.4244613
1812,0.017381534
1813,-0.5740071
1814,-0.83953404
1815,-1.5187448
1816,-2.3285987
1817,-3.2087603
1818,-4.182694
1819,-5.20958
1820,-6.146806
1821,-6.678154
1822,-6.783364
1823,-7.664235
1824,-7.3590302
1825,-7.3719816
1826,-7.459569
1827,-7.4551387
1828,-8.054543
1829,-8.452548
1830,-9.034866
1831,-8.852231
1832,-6.0042167
1833,-5.4994035
1834,-4.1099906
1835,-4.849993
1836,-4.516803
1837,-3.8526845
1838,-2.9691956
1839,-3.0347338
1840,-2.5948815
1841,-2.3077629
1842,-2.228951
1843,-3.487051
1844,-4.472815
1845,-3.282146
1846,-3.8973703
1847,-4.9108996
1848,-6.5042953
1849,-5.119048
1850,-5.960129
1851,-6.3599544
1852,-8.141299
1853,-9.150698
1854,-9.264132
1855,-8.792496
1856,-7.370978
1857,-6.569094
1858,-5.4500275
1859,-4.5963736
1860,-2.792079
1861,-2.2253096
1862,-1.9268861
1863,-2.081375
1864,-1.2453024
1865,-1.1518922
1866,-2.2055993
1867,-2.8173003
1868,-4.2500577
1869,-4.1594167
1870,-5.4276524
1871,-6.138463
1872,-7.069444
1873,-7.492461
1874,-6.9118876
1875,-6.1222167
1876,-6.394533
1877,-6.8780046
1878,-7.24905
1879,-7.029238
1880,-5.846109
1881,-4.2794957
1882,-2.5530758
1883,-1.0634534
1884,-0.17241187
1885,1.0451286
1886,1.5198054
1887,2.0855381
1888,2.4448192
1889,2.061863
1890,1.3806254
1891,0.35950458
1892,-0.16212143
1893,-1.1727144
1894,-1.7693343
1895,-2.143812
1896,-2.379186
1897,-2.9859142
1898,-3.5555882
1899,-3.9052174
1900,-4.30932
1901,-4.053071
1902,-4.3487296
1903,-3.8608966
1904,-3.143196
1905,-2.4297664
1906,-0.7755042
1907,0.8059549
1908,0.7915574
1909,1.7524207
1910,2.2660794
1911,2.4870257
1912,2.7483783
1913,2.6803076
1914,2.2141309
1915,1.5139723
1916,0.4053753
1917,-0.90398973
1918,-2.1335301
1919,-0.62510186
1920,-0.67858094
1921,-1.399462
1922,-1.4910734
1923,-0.7443353
1924,-1.5066328
1925,-1.8940234
1926,-2.6546192
1927,-1.9520082
1928,-0.6542421
1929,1.1246673
1930,2.5855107
1931,3.573213
1932,4.992542
1933,5.213994
1934,4.2921476
1935,4.546517
1936,6.4795566
1937,5.8998866
1938,4.538378
1939,4.0930543
1940,3.8865557
1941,2.4085867
1942,1.4691153
1943,2.250072
1944,1.9913826
1945,1.3960042
1946,0.86266154
1947,0.66163665
1948,-0.77781117
1949,-1.4416578
1950,-1.4647613
1951,-0.8712127
1952,0.63041306
1953,1.9422346
1954,2.8067741
1955,2.7605925
1956,2.7211046
1957,2.803428
1958,2.7534733
1959,4.325441
1960,5.3304996
1961,5.4015403
1962,4.7211723
1963,3.5869408
1964,2.6636493
1965,1.1907307
1966,0.9085491
1967,0.901426
1968,0.54900235
1969,0.55830234
1970,-0.08721925
1971,-0.7334206
1972,-1.4158863
1973,-2.286097
1974,-3.0023196
1975,-3.1073701
1976,-2.7015505
1977,-2.537286
1978,-1.7931843
1979,-0.93599373
1980,-0.29145056
1981,0.5721616
1982,0.823125
1983,1.0384759
1984,1.4226708
1985,0.45921004
1986,-0.5670848
1987,-1.4194527
1988,-2.6372128
1989,-2.8832273
1990,-4.0303326
1991,-4.0508666
1992,-4.5936236
1993,-4.382645
1994,-3.868853
1995,-3.4101071
1996,-3.3047962
1997,-3.9575527
1998,-4.469368
1999,-3.4839454
2000,-1.9225011
2001,0.23885094
2002,1.9011292
2003,2.7097988
2004,4.4776444
2005,5.927899
2006,6.2471066
2007,6.7952514
2008,6.675076
2009,6.0615587
2010,5.3978066
2011,4.0557365
2012,2.9401212
2013,2.0086293
2014,1.8292564
2015,0.2201394
2016,0.68735933
2017,0.42949444
2018,-0.5399417
2019,-1.1956824
2020,-1.0163358
2021,-1.879293
2022,-2.015758
2023,-0.30123025
2024,2.3458705
2025,4.385998
2026,4.4489827
2027,4.9451413
2028,6.196032
2029,5.7575917
2030,6.820006
2031,5.9121323
2032,6.7097163
2033,6.476472
2034,5.7128406
2035,4.117221
2036,3.7676568
2037,3.9489863
2038,3.0071986
2039,2.1307707
2040,1.6350315
2041,2.4226105
2042,3.703749
2043,3.5107179
2044,3.5923905
2045,4.111295
2046,4.04898
2047,4.141132
2048,4.499773
2049,4.4309845
2050,4.467406
2051,4.58038
2052,4.8510737
2053,4.826875
2054,4.314591
2055,4.1468225
2056,3.5814824
2057,3.0910559
2058,3.0599186
2059,2.9030275
2060,2.8377903
2061,2.868855
2062,2.805441
2063,2.8144262
2064,2.903884
2065,2.770978
2066,2.851677
2067,2.8353903
2068,2.9129412
2069,2.9884706
2070,2.9832168
2071,3.4348776
2072,3.6653438
2073,4.4891405
2074,4.210958
2075,4.2170606
2076,5.261087
2077,5.2709103
2078,4.9157767
2079,5.0119934
2080,5.3260417
2081,4.998373
2082,4.5935817
2083,4.450122
2084,4.2617598
2085,4.097894
2086,3.9837863
2087,4.0905194
2088,4.398001
2089,4.2957354
2090,4.727444
2091,4.825092
2092,5.0316734
2093,4.9845567
2094,4.632321
2095,5.1173186
2096,5.6317863
2097,6.859863
2098,7.572637
2099,7.8819823
2100,8.249628
2101,8.369673
2102,7.76092
2103,6.976237
2104,6.715973
2105,6.468135
2106,6.2656217
2107,6.1555796
2108,6.019449
2109,5.757999
2110,5.4253464
2111,5.2166076
2112,5.1784697
2113,5.11343
2114,4.8992896
2115,4.7654
2116,4.5286303
2117,4.417654
2118,3.989087
2119,3.995377
2120,5.09438
2121,6.222977
2122,6.757688
2123,7.49065
2124,7.9415584
2125,8.637162
2126,8.339706
2127,7.8398128
2128,7.403279
2129,6.5518436
2130,5.62154
2131,4.6667647
2132,4.2666264
2133,3.3716896
2134,2.9404483
2135,2.2342918
2136,1.3619375
2137,0.18300794
2138,-0.45428896
2139,-0.64499176
2140,-0.31260914
2141,0.50421274
2142,1.0503194
2143,1.7727804
2144,2.7957537
2145,2.8372467
2146,4.062491
2147,4.988154
2148,5.8449993
2149,4.9942675
2150,5.0328326
2151,4.685671
2152,5.167293
2153,5.9318495
2154,5.555377
2155,9.019129
2156,7.907735
2157,6.625787
2158,6.1980724
2159,6.5561395
